{
    "loss": 75.85950469970703,
    "accuracy": 0.48201438784599304
}